Abashidze,აბაშიძე,N,,Georgian
Abe,阿部,N,,Japanese
Āboliņa,,F,Āboliņš,Latvian
Āboliņš,,M,Āboliņa,Latvian
Abramov,Абрамов,M,Abramova,Russian
Abramova,Абрамова,F,Abramov,Russian
Abuladze,აბულაძე,N,,Georgian
Adamczyk,,N,,Polish
Adams,,N,,English
Aksyonov,Аксёнов,M,Aksyonova,Russian
Aksyonova,Аксёнова,F,Aksyonov,Russian
Alekseyev,Алексеев,M,Alekseyeva,Russian
Alekseyeva,Алексеева,F,Alekseyev,Russian
Alexander,,N,,English
Alievi,ალიევი,N,,Georgian
Allen,,N,,English
Alonso,,N,,Spanish
Álvarez,,N,,Spanish
Andersen,,N,,Icelandic
Anderson,,N,,English
Andreyev,Андреев,M,Andreyeva,Russian
Andreyeva,Андреева,F,Andreyev,Russian
Aṙak’elyan,Առաքելյան,N,,Armenian
Artsruni,Արծրունի,N,,Armenian
Aslanyan,Ասլանյան,N,,Armenian
Avdeyev,Авдеев,M,Avdeyeva,Russian
Avdeyeva,Авдеева,F,Avdeyev,Russian
Avetisyan,Ավետիսյան,N,,Armenian
Bagratuni,Բագրատունի,N,,Armenian
Bairamovi,ბაირამოვი,N,,Georgian
Baker,,N,,English
Balode,,F,Balodis,Latvian
Balodis,,M,Balode,Latvian
Balogh,,N,,Hungarian
Baltiņa,,F,Baltiņš,Latvian
Baltiņš,,M,Baltiņa,Latvian
Baran,,N,,Polish
Baranov,Баранов,M,Baranova,Russian
Baranova,Баранова,F,Baranov,Russian
Belov,Белов,M,Belova,Russian
Belova,Белова,F,Belov,Russian
Belyaev,Беляев,M,Belyaeva,Russian
Belyaeva,Беляева,F,Belyaev,Russian
Bergmann,,N,,Icelandic
Beridze,ბერიძე,N,,Georgian
Bērziņa,,F,Bērziņš,Latvian
Bērziņš,,M,Bērziņa,Latvian
Blanco,,N,,Spanish
Blöndal,,N,,Icelandic
Bodnar,Боднар,N,,Ukrainian
Bogdanov,Богданов,M,Bogdanova,Russian
Bogdanova,Богданова,F,Bogdanov,Russian
Bolkvadze,ბოლქვაძე,N,,Georgian
Bondar,Бондар,N,,Ukrainian
Bondarenko,Бондаренко,N,,Ukrainian
Borisov,Борисов,M,Borisova,Russian
Borisova,Борисова,F,Borisov,Russian
Boyko,Бойко,N,,Ukrainian
Briem,,N,,Icelandic
Brown,,N,,English
Bùi,,N,,Vietnamese
Campbell,,N,,English
Carter,,N,,English
Castro,,N,,Spanish
Chén,陈,N,,Chinese
Clark,,N,,English
Clarke,,N,,English
Cooper,,N,,English
Cox,,N,,English
Dąbrowska,,F,Dąbrowski,Polish
Dąbrowski,,M,Dąbrowska,Polish
Đặng,,N,,Vietnamese
Darbinyan,Դարբինյան,N,,Armenian
Davies,,N,,English
Davis,,N,,English
Delgado,,N,,Spanish
Díaz,,N,,Spanish
Đỗ,,N,,Vietnamese
Domínguez,,N,,Spanish
Dudek,,N,,Polish
Dương,,N,,Vietnamese
Eglīte,,F,Eglītis,Latvian
Eglītis,,M,Eglīte,Latvian
Evans,,N,,English
Farkas,,N,,Hungarian
Fekete,,N,,Hungarian
Fernández,,N,,Spanish
Fjeldsted,,N,,Icelandic
Fyodorov,Фёдоров,M,Fyodorova,Russian
Fyodorova,Фёдорова,F,Fyodorov,Russian
Gāo,高,N,,Chinese
García,,N,,Spanish
Gasparyan,Գասպարյան,N,,Armenian
Gelashvili,გელაშვილი,N,,Georgian
Gerasimov,Герасимов,M,Gerasimova,Russian
Gerasimova,Герасимова,F,Gerasimov,Russian
Ghazaryan,Ղազարյան,N,,Armenian
Gil,,N,,Spanish
Giorgadze,გიორგაძე,N,,Georgian
Gogoladze,გოგოლაძე,N,,Georgian
Golubov,Голубев,M,Golubova,Russian
Golubova,Голубева,F,Golubov,Russian
Gómez,,N,,Spanish
González,,N,,Spanish
Górska,,F,Górski,Polish
Górski,,M,Górska,Polish
Gotō,後藤,N,,Japanese
Grabowska,,F,Grabowski,Polish
Grabowski,,M,Grabowska,Polish
Green,,N,,English
Grigoryan,Գրիգորյան,N,,Armenian
Grigoryev,Григорьев,M,Grigoryeva,Russian
Grigoryeva,Григорьева,F,Grigoryev,Russian
Guō,郭,N,,Chinese
Guseinovi,გუსეინოვი,N,,Georgian
Gusev,Гусев,M,Guseva,Russian
Guseva,Гусева,F,Gusev,Russian
Gutiérrez,,N,,Spanish
Hakobyan,Հակոբյան,N,,Armenian
Hall,,N,,English
Hammond,,N,,English
Hansen,,N,,Icelandic
Harris,,N,,English
Harrison,,N,,English
Harut’yunyan,Հարությունյան,N,,Armenian
Hasegawa,長谷川,N,,Japanese
Hashimoto,橋本,N,,Japanese
Havrylyuk,Гаврилюк,N,,Ukrainian
Hayashi,林,N,,Japanese
Hayrapetyan,Հայրապետյան,N,,Armenian
Hé,何,N,,Chinese
Hernández,,N,,Spanish
Hill,,N,,English
Hjaltalín,,N,,Icelandic
Hjaltested,,N,,Icelandic
Hồ,,N,,Vietnamese
Hoàng,,N,,Vietnamese
Horváth,,N,,Hungarian
Hovhannisyan,Հովհաննիսյան,N,,Armenian
Hú,胡,N,,Chinese
Huáng,黄,N,,Chinese
Hurewicz,,N,,Polish
Huỳnh,,N,,Vietnamese
Iglesias,,N,,Spanish
Ikeda,池田,N,,Japanese
Ilyin,Ильин,M,Ilyina,Russian
Ilyina,Ильина,F,Ilyin,Russian
Inoue,井上,N,,Japanese
Isahakyan,Իսահակյան,N,,Armenian
Ishii,石井,N,,Japanese
Ishikawa,石川,N,,Japanese
Itō,伊藤,N,,Japanese
Ivanov,Иванов,M,Ivanova,Russian
Ivanova,Иванова,F,Ivanov,Russian
Jabłońska,,F,Jabłoński,Polish
Jabłoński,,M,Jabłońska,Polish
Jackson,,N,,English
James,,N,,English
Jankowska,,F,Jankowski,Polish
Jankowski,,M,Jankowska,Polish
Jansone,,F,Jansons,Latvian
Jansons,,M,Jansone,Latvian
Jaworska,,F,Jaworski,Polish
Jaworski,,M,Jaworska,Polish
Jensen,,N,,Icelandic
Jiménez,,N,,Spanish
Johnson,,N,,English
Jones,,N,,English
Juhász,,N,,Hungarian
K’ap’anadze,კაპანაძე,N,,Georgian
K’ardashyan,Քարդաշյան,N,,Armenian
K’och’aryan,Քոչարյան,N,,Armenian
K’varatskhelia,კვარაცხელია,N,,Georgian
Kaczmarek,,N,,Polish
Kalniņa,,F,Kalniņš,Latvian
Kalniņš,,M,Kalniņa,Latvian
Kamińska,,F,Kamiński,Polish
Kamiński,,M,Kamińska,Polish
Karapetyan,Կարապետյան,N,,Armenian
Kārkliņa,,F,Kārkliņš,Latvian
Kārkliņš,,M,Kārkliņa,Latvian
Karpenko,Карпенко,N,,Ukrainian
Karpov,Карпов,M,Karpova,Russian
Karpova,Карпова,F,Karpov,Russian
Katō,加藤,N,,Japanese
Kelly,,N,,English
Khach’atryan,Խաչատրյան,N,,Armenian
Kharchenko,Харченко,N,,Ukrainian
Khomenko,Хоменко,N,,Ukrainian
Khutsishvili,ხუციშვილი,N,,Georgian
Kimura,木村,N,,Japanese
King,,N,,English
Kiselyov,Киселёв,M,Kiselyova,Russian
Kiselyova,Киселёва,F,Kiselyov,Russian
Kiss,,N,,Hungarian
Kļaviņa,,F,Kļaviņš,Latvian
Kļaviņš,,M,Kļaviņa,Latvian
Klymenko,Клименко,N,,Ukrainian
Kobayashi,小林,N,,Japanese
Kolomiyets,Коломієць,N,,Ukrainian
Komarov,Комаров,M,Komarova,Russian
Komarova,Комарова,F,Komarov,Russian
Korolyov,Королёв,M,Korolyova,Russian
Korolyova,Королёва,F,Korolyov,Russian
Kostenko,Костенко,N,,Ukrainian
Kovács,,N,,Hungarian
Koval,Коваль,N,,Ukrainian
Kovalchuk,Ковальчук,N,,Ukrainian
Kovalenko,Коваленко,N,,Ukrainian
Kovalyov,Ковалёв,M,Kovalyova,Russian
Kovalyova,Ковалёва,F,Kovalyov,Russian
Kowalczyk,,N,,Polish
Kowalska,,F,Kowalski,Polish
Kowalski,,M,Kowalska,Polish
Kozlov,Козлов,M,Kozlova,Russian
Kozlova,Козлова,F,Kozlov,Russian
Kozłowska,,F,Kozłowski,Polish
Kozłowski,,M,Kozłowska,Polish
Kravchenko,Кравченко,N,,Ukrainian
Kravchuk,Кравчук,N,,Ukrainian
Krawczyk,,N,,Polish
Król,,N,,Polish
Krūmiņa,,F,Krūmiņš,Latvian
Krūmiņš,,M,Krūmiņa,Latvian
Kudryavtsev,Кудрявцев,M,Kudryavtseva,Russian
Kudryavtseva,Кудрявцева,F,Kudryavtsev,Russian
Kulikov,Куликов,M,Kulikova,Russian
Kulikova,Куликова,F,Kulikov,Russian
Kulyk,Кулик,N,,Ukrainian
Kushnir,Кушнір,N,,Ukrainian
Kuzmenko,Кузьменко,N,,Ukrainian
Kuzmin,Кузьмин,M,Kuzmina,Russian
Kuzmina,Кузьмина,F,Kuzmin,Russian
Kuznetsov,Кузнецов,M,Kuznetsova,Russian
Kuznetsova,Кузнецова,F,Kuznetsov,Russian
Kwiatkowska,,F,Kwiatkowski,Polish
Kwiatkowski,,M,Kwiatkowska,Polish
Lakatos,,N,,Hungarian
Lê,,N,,Vietnamese
Lebedev,Лебедев,M,Lebedeva,Russian
Lebedeva,Лебедева,F,Lebedev,Russian
Lee,,N,,English
Levchenko,Левченко,N,,Ukrainian
Lewandowska,,F,Lewandowski,Polish
Lewandowski,,M,Lewandowska,Polish
Lewis,,N,,English
Lǐ,李,N,,Chinese
Liáng,梁,N,,Chinese
Liepiņa,,F,Liepiņš,Latvian
Liepiņš,,M,Liepiņa,Latvian
Lín,林,N,,Chinese
Liú,刘,N,,Chinese
Lomidze,ლომიძე,N,,Georgian
López,,N,,Spanish
Lucas,,N,,English
Luó,罗,N,,Chinese
Lý,,N,,Vietnamese
Lysenko,Лисенко,N,,Ukrainian
Lytvynenko,Литвиненко,N,,Ukrainian
Mǎ,马,N,,Chinese
Maisuradze,მაისურაძე,N,,Georgian
Majewska,,F,Majewski,Polish
Majewski,,M,Majewska,Polish
Makarov,Макаров,M,Makarova,Russian
Makarova,Макарова,F,Makarov,Russian
Małcużyńska,,F,Małcużyński,Polish
Małcużyński,,M,Małcużyńska,Polish
Malinowska,,F,Malinowski,Polish
Malinowski,,M,Malinowska,Polish
Mamedovi,მამედოვი,N,,Georgian
Marchenko,Марченко,N,,Ukrainian
Margaryan,Մարգարյան,N,,Armenian
Marín,,N,,Spanish
Martin,,N,,English
Martín,,N,,Spanish
Martínez,,N,,Spanish
Martinyuk,Мартинюк,N,,Ukrainian
Mason,,N,,English
Matsumoto,松本,N,,Japanese
Matveyev,Матвеев,M,Matveyeva,Russian
Matveyeva,Матвеева,F,Matveyev,Russian
Mazur,,N,,Polish
Mch’edlishvili,მჭედლიშვილი,N,,Georgian
Melnychuk,Мельничук,N,,Ukrainian
Melnyk,Мельник,N,,Ukrainian
Mészáros,,N,,Hungarian
Michalak,,N,,Polish
Michalska,,F,Michalski,Polish
Michalski,,M,Michalska,Polish
Mikeladze,მიქელაძე,N,,Georgian
Mikhaylov,Михайлов,M,Mikhaylova,Russian
Mikhaylova,Михайлова,F,Mikhaylov,Russian
Miller,,N,,English
Mitchell,,N,,English
Mkrtch’yan,Մկրտչյան,N,,Armenian
Molina,,N,,Spanish
Möller,,N,,Icelandic
Molnár,,N,,Hungarian
Moore,,N,,English
Morales,,N,,Spanish
Moreno,,N,,Spanish
Mori,森,N,,Japanese
Moroz,Мороз,N,,Ukrainian
Morozov,Морозов,M,Morozova,Russian
Morozova,Морозова,F,Morozov,Russian
Morris,,N,,English
Morton,,N,,English
Muñoz,,N,,Spanish
Nagy,,N,,Hungarian
Nakajima,中島,N,,Japanese
Nakamura,中村,N,,Japanese
Nalbandyan,Նալբանդյան,N,,Armenian
Navarro,,N,,Spanish
Nazaryan,Նազարյան,N,,Armenian
Nelson,,N,,English
Németh,,N,,Hungarian
Ngô,,N,,Vietnamese
Nguyễn,,N,,Vietnamese
Nielsen,,N,,Icelandic
Norðdahl,,N,,Icelandic
Novikov,Новиков,M,Novikova,Russian
Novikova,Новикова,F,Novikov,Russian
Nowak,,N,,Polish
Nowakowska,,F,Nowakowski,Polish
Nowakowski,,M,Nowakowska,Polish
Nowicka,,F,Nowicki,Polish
Nowicki,,M,Nowicka,Polish
Nozadze,ნოზაძე,N,,Georgian
Ogawa,小川,N,,Japanese
Òhanyan,Օհանյան,N,,Armenian
Oláh,,N,,Hungarian
Oliynyk,Олійник,N,,Ukrainian
Olsen,,N,,Icelandic
Olszewska,,F,Olszewski,Polish
Olszewski,,M,Olszewska,Polish
Orlov,Орлов,M,Orlova,Russian
Orlova,Орлова,F,Orlov,Russian
Ortega,,N,,Spanish
Ortiz,,N,,Spanish
Ostrowska,,F,Ostrowski,Polish
Ostrowski,,M,Ostrowska,Polish
Ozola,,F,Ozols,Latvian
Ozoliņa,,F,Ozoliņš,Latvian
Ozoliņš,,M,Ozoliņa,Latvian
Ozols,,M,Ozola,Latvian
P’ap’azyan,Փափազյան,N,,Armenian
Panchenko,Панченко,N,,Ukrainian
Papp,,N,,Hungarian
Parker,,N,,English
Parsamyan,Պարսամյան,N,,Armenian
Pavlenko,Павленко,N,,Ukrainian
Pavlov,Павлов,M,Pavlova,Russian
Pavlova,Павлова,F,Pavlov,Russian
Pavlyuk,Павлюк,N,,Ukrainian
Pawlak,,N,,Polish
Pawłowska,,F,Pawłowski,Polish
Pawłowski,,M,Pawłowska,Polish
Pérez,,N,,Spanish
Petersen,,N,,Icelandic
Peterson,,N,,English
Pētersone,,F,Pētersons,Latvian
Pētersons,,M,Pētersone,Latvian
Petrenko,Петренко,N,,Ukrainian
Petrosyan,Պետրոսյան,N,,Armenian
Petrov,Петров,M,Petrova,Russian
Petrova,Петрова,F,Petrov,Russian
Phạm,,N,,Vietnamese
Phan,,N,,Vietnamese
Phillips,,N,,English
Pietrzak,,N,,Polish
Piotrowska,,F,Piotrowski,Polish
Piotrowski,,M,Piotrowska,Polish
Poghosyan,Պողոսյան,N,,Armenian
Polishchuk,Поліщук,N,,Ukrainian
Ponomarenko,Пономаренко,N,,Ukrainian
Ponomaryov,Пономарёв,M,Ponomaryova,Russian
Ponomaryova,Пономарёва,F,Ponomaryov,Russian
Popov,Попов,M,Popova,Russian
Popova,Попова,F,Popov,Russian
Rácz,,N,,Hungarian
Ramírez,,N,,Spanish
Ramos,,N,,Spanish
Riekstiņa,,F,Riekstiņš,Latvian
Riekstiņš,,M,Riekstiņa,Latvian
Roberts,,N,,English
Robinson,,N,,English
Rodríguez,,N,,Spanish
Romanov,Романов,M,Romanova,Russian
Romanova,Романова,F,Romanov,Russian
Romanyuk,Романюк,N,,Ukrainian
Romero,,N,,Spanish
Rose,,N,,English
Rubio,,N,,Spanish
Rudenko,Руденко,N,,Ukrainian
Ruiz,,N,,Spanish
Rutkowska,,F,Rutkowski,Polish
Rutkowski,,M,Rutkowska,Polish
Ryan,,N,,English
Saitō,斎藤,N,,Japanese
Saitō,斉藤,N,,Japanese
Sánchez,,N,,Spanish
Sanz,,N,,Spanish
Sarafyan,Սարաֆյան,N,,Armenian
Sargsyan,Սարգսյան,N,,Armenian
Sasaki,佐々木,N,,Japanese
Satō,佐藤,N,,Japanese
Savchenko,Савченко,N,,Ukrainian
Savchuk,Савчук,N,,Ukrainian
Scheving,,N,,Icelandic
Scott,,N,,English
Semyonov,Семёнов,M,Semyonova,Russian
Semyonova,Семёнова,F,Semyonov,Russian
Sergeyev,Сергеев,M,Sergeyeva,Russian
Sergeyeva,Сергеева,F,Sergeyev,Russian
Serrano,,N,,Spanish
Shengelia,შენგელია,N,,Georgian
Shevchenko,Шевченко,N,,Ukrainian
Shevchuk,Шевчук,N,,Ukrainian
Shimizu,清水,N,,Japanese
Shvets,Швець,N,,Ukrainian
Sikora,,N,,Polish
Simon,,N,,Hungarian
Simonyan,Սիմոնյան,N,,Armenian
Smirnov,Смирнов,M,Smirnova,Russian
Smirnova,Смирнова,F,Smirnov,Russian
Smith,,N,,English
Sokolov,Соколов,M,Sokolova,Russian
Sokolova,Соколова,F,Sokolov,Russian
Solovyov,Соловьёв,M,Solovyova,Russian
Solovyova,Соловьёва,F,Solovyov,Russian
Sorokin,Сорокин,M,Sorokina,Russian
Sorokina,Сорокина,F,Sorokin,Russian
Step’anyan,Ստեփանյան,N,,Armenian
Stepanov,Степанов,M,Stepanova,Russian
Stepanova,Степанова,F,Stepanov,Russian
Stępień,,N,,Polish
Suárez,,N,,Spanish
Sūn,孙,N,,Chinese
Suzuki,鈴木,N,,Japanese
Sydorenko,Сидоренко,N,,Ukrainian
Szabó,,N,,Hungarian
Székely,,N,,Hungarian
Szewczyk,,N,,Polish
Szymańska,,F,Szymański,Polish
Szymański,,M,Szymańska,Polish
T’abat’adze,ტაბატაძე,N,,Georgian
Takács,,N,,Hungarian
Takahashi,高橋,N,,Japanese
Tanaka,田中,N,,Japanese
Tarasov,Тарасов,M,Tarasova,Russian
Tarasova,Тарасова,F,Tarasov,Russian
Taylor,,N,,English
Thomas,,N,,English
Thompson,,N,,English
Thorarensen,,N,,Icelandic
Thorlacius,,N,,Icelandic
Thoroddsen,,N,,Icelandic
Timofeyev,Тимофеев,M,Timofeyeva,Russian
Timofeyeva,Тимофеева,F,Timofeyev,Russian
Titov,Титов,M,Titova,Russian
Titova,Титова,F,Titov,Russian
Tkach,Ткач,N,,Ukrainian
Tkachenko,Ткаченко,N,,Ukrainian
Tkachuk,Ткачук,N,,Ukrainian
Tomás,,N,,Spanish
Tomaszewska,,F,Tomaszewski,Polish
Tomaszewski,,M,Tomaszewska,Polish
Tomczak,,N,,Polish
Torres,,N,,Spanish
Tóth,,N,,Hungarian
Trần,,N,,Vietnamese
Ts’ik’lauri,წიკლაური,N,,Georgian
Tymoshenko,Тимошенко,N,,Ukrainian
Ustinov,Устинов,M,Ustinova,Russian
Ustinova,Устинова,F,Ustinov,Russian
Vanaga,,F,Vanags,Latvian
Vanags,,M,Vanaga,Latvian
Vardanyan,Վարդանյան,N,,Armenian
Vardapetyan,Վարդապետյան,N,,Armenian
Varga,,N,,Hungarian
Vasylenko,Василенко,N,,Ukrainian
Vasylyk,Василик,N,,Ukrainian
Vázquez,,N,,Spanish
Vilciņa,,F,Vilciņš,Latvian
Vilciņš,,M,Vilciņa,Latvian
Vilka,,F,Vilks,Latvian
Vilks,,M,Vilka,Latvian
Vinogradov,Виноградов,M,Vinogradova,Russian
Vinogradova,Виноградова,F,Vinogradov,Russian
Vītola,,F,Vītols,Latvian
Vītoliņa,,F,Vītoliņš,Latvian
Vītoliņš,,M,Vītoliņa,Latvian
Vītols,,M,Vītola,Latvian
Vladimirov,Владимиров,M,Vladimirova,Russian
Vladimirova,Владимирова,F,Vladimirov,Russian
Võ,,N,,Vietnamese
Vorobyov,Воробьёв,M,Vorobyova,Russian
Vorobyova,Воробьёва,F,Vorobyov,Russian
Vũ,,N,,Vietnamese
Waage,,N,,Icelandic
Walczak,,N,,Polish
Walker,,N,,English
Wáng,王,N,,Chinese
Watanabe,渡辺,N,,Japanese
White,,N,,English
Wieczorek,,N,,Polish
Williams,,N,,English
Wilson,,N,,English
Wiśniewska,,F,Wiśniewski,Polish
Wiśniewski,,M,Wiśniewska,Polish
Witkowska,,F,Witkowski,Polish
Witkowski,,M,Witkowska,Polish
Wojciechowska,,F,Wojciechowski,Polish
Wojciechowski,,M,Wojciechowska,Polish
Wójcik,,N,,Polish
Wood,,N,,English
Woźniak,,N,,Polish
Wright,,N,,English
Wróbel,,N,,Polish
Wróblewska,,F,Wróblewski,Polish
Wróblewski,,M,Wróblewska,Polish
Wú,吴,N,,Chinese
Xú,徐,N,,Chinese
Yakovlev,Яковлев,M,Yakovleva,Russian
Yakovleva,Яковлева,F,Yakovlev,Russian
Yamada,山田,N,,Japanese
Yamaguchi,山口,N,,Japanese
Yamamoto,山本,N,,Japanese
Yamashita,山下,N,,Japanese
Yamazaki,山崎,N,,Japanese
Yáng,杨,N,,Chinese
Yevseyev,Евсеев,M,Yevseyeva,Russian
Yevseyeva,Евсеева,F,Yevseyev,Russian
Yoshida,吉田,N,,Japanese
Young,,N,,English
Yurchak,Юрчак,N,,Ukrainian
Yushchenko,Ющенко,N,,Ukrainian
Zając,,N,,Polish
Zakharov,Захаров,M,Zakharova,Russian
Zakharova,Захарова,F,Zakharov,Russian
Zalewska,,F,Zalewski,Polish
Zalewski,,M,Zalewska,Polish
Zariņa,,F,Zariņš,Latvian
Zariņš,,M,Zariņa,Latvian
Zhāng,张,N,,Chinese
Zhào,赵,N,,Chinese
Zhèng,郑,N,,Chinese
Zhōu,周,N,,Chinese
Zhū,朱,N,,Chinese
Zielińska,,F,Zieliński,Polish
Zieliński,,M,Zielińska,Polish
